name,name2,account,mint_account,liquidity,price,apy_24h,apy_7d,apy_30d,volume_24h,volume_24h_quote,volume_7d,volume_7d_quote,volume_30d,volume_30d_quote
SAMO/SOL,SAMO/SOL[deprecated],Hj45HZesMQD4ghdU7GuskiMyYBfxLnfibqKNgdaj8284,9rguDaKqTrVjaDXafq6E7rKGn7NPHomkdb8RKpjKCDm2,39754.92792218096,0.00018602956989247313,0.02789370378290403,0.025373161620493197,0.05341349716562051,1998.2812884414138,19.895273680221166,12997.548830508531,129.40610145866717,117817.37102933216,1173.0124554891693
SOL/USDC,SOL/USDC[deprecated],6fTRDD7sYxCN7oyoSQaN1AWC3P2m8A6gVZzGrpej9DvL,ECFcUGwHHMaZynAQpqRHkYeTBnS5GnPWZywM8aggcs3A,64702.774539624734,100.49215542866749,0.09653171414147355,0.09116260000126404,0.1023849406948468,8531.065717519412,8535.495639756446,58125.67952530343,58155.86241789832,263767.9640533714,263904.9307124112
USDC/USDT,USDC/USDT[deprecated],8KZjKCNTshjwapD4TjWQonXBdi1Jm4Eks5rgrViK9UCx,3H5XKkE9uVvxsdrFeN4BLLGCmohiQN6aZJVVcJiXQ4WC,9558.7291088936,0.99951798216534,0,0,0.00226867490786587,0,0,0,0,650.6914880298497,650.7155645057363
ETH/USDC,ETH/USDC[deprecated],DY8qBwVGLeLJSrWib7L16mL7oB4HNAQ2f9yiYWKof54v,7TYb32qkwYosUQfUspU45cou7Bb3nefJocVMFX2mEGTT,538.025746126419,2959.485973220101,0.004004489435119783,0.010921403820597406,0.04227219560182419,2.5632654556373096,2.5645964812110584,63.4494102143132,63.48235755788574,2221.987219322159,2223.1410295164783
BTC/ETH,BTC/ETH[deprecated],Fz6yRGsNiXK7hVu4D2zvbwNXW8FQvyJ5edacs3piR1P7,8pFwdcuXM7pvHdEGHLZbUR8nNsjj133iUXWG6CgdRHk2,59.8353872,13.39474974222012,0,0,0.038569507516426356,0,0,0,0,9.031126813087486,0.0030531708829045407
ETH/SOL,ETH/SOL[deprecated],4vWJYxLx9F7WPQeeYzg9cxhDeaPjwruZXCffaSknWFxy,7bb88DAnQY7LSoWEuqezCcbk4vutQbuRqgJMqpX8h6dL,2824.31098076744,29.449920350457983,0.004447011080418721,0.008316108794746254,0.015818132793566708,21.26698957134895,0.2117382474248203,269.01168521984675,2.6783321905600035,2404.565697543176,23.940319569326725
RAY/SOL,RAY/SOL[deprecated],4c8jpn6sLMrZHMYNq6idFfMdLBWEqn1r1wFNtgsPqTwE,GWEmABT4rD3sGhyghv9rKbfdiaFe5uMHeJqr6hhu3XvA,21141.125519807,0.02558741537236161,0.017791498863878475,0.017599635409451902,0.04282891650506598,356.8295441730247,3.5526637213562795,3331.553121437588,33.169585040199,47402.225330698195,471.9456922610334
SOL/USDT,SOL/USDT[deprecated],4bS6bkBdJ4B1Bt4ft3oGF8La7eKpCqz8xnu1AMpMxWSP,BmZNYGt7aApGTUUxAQUYsW64cMbb6P7uniokCWaptj4D,8973.37197642951,100.44371641750745,0.03470989746475434,0.034297516810611675,0.05254900227268832,319.228715338673,319.2405272381808,2329.3021158527076,2329.3883032199265,15928.762809852158,15929.352195883404
SOL/SRM,SOL/SRM[deprecated],C4k1gxs9NnPhSWUbtEpnptYiduy2ZWX237gGD22N8QeC,6ojPekCSQimAjDjaMApLvh3jF6wnZeNEVRVVoGNzEXvV,2841.25920502464,42.20168067226891,0.013081007050035391,0.021060138917627647,0.03176679118236354,55.572961129295265,23.34998366777112,586.3508582780298,246.36590683950834,5098.873786558902,2142.383943932312
FTT/SOL,FTT/SOL[deprecated],G8Dd2ExLEvPkXMtiyeo7AM3W3Z6ueg5bpWQ4D4Raf6jo,YJRknE9oPhUMtq1VvhjVzG5WnRsjQtLsWg3nbaAwCQ5,200.13419657872,0.4104938271604938,0.0015066822696240107,0.012303964163739712,0.01135092543465173,0.5606508602374518,0.0055819480310379515,28.51993706014656,0.283949990642638,125.95088755074549,1.253991313727056
KIN/SOL,KIN/SOL[deprecated],7fAzYcD19gBD222pK3v7USX1URu1r6ThAGLR265DADjh,C9PKvetJPrrPD53PR2aR8NYtVZzucCRkHYzcFXbZXEqu,741.8300196646389,3.346276383910792e-07,0.013454279303687509,0.021890863962377573,0.026823497967520878,15.686411572038475,0.15617693719671918,202.48921015102806,2.016021606441936,1211.3903986752869,12.06083630700206
ROPE/SOL,ROPE/SOL[deprecated],4kMBJ8x85BgyYKi4t7ZSCh4gHK8U5QWjARzGuMCPiaeu,6SfhBAmuaGf9p3WAxeHJYCWMABnYUMrdzNdK5Stvvj4k,3451.3981500910763,3.4159697331740343e-07,0.0095360696820204,0.019919947361036115,0.025050382521008403,70.56750558037757,0.7025836875784306,643.9694673413237,6.411484143183231,4952.3016364259975,49.3060696577658
SOL/STEP,SOL/STEP[deprecated],8HmcgGvWKN9p9bivkMzaV2Ssf1i8xv3cPX3L1j3Lyr8a,9r1n79TmerAgQJboUT8QvrChX3buZBfuSrBTtYM1cW4h,2884.267096407766,904.3434416192466,0.014500868038843468,0.028989799926772385,0.056125976575352426,71.90480138199608,647.417717550206,1055.1330080796904,9500.225168188526,10032.89182931833,90334.32821902985
OXY/SOL,OXY/SOL[deprecated],31BnT6acXnJbWPeYyJis2baCMBQg9im59wWN2yzFoZvT,ELLELFtgvWBgLkdY9EFx4Vb3SLNj4DJEhzZLWy1wCh4Y,0,0.0023929410593389088,,,,0,0,0,0,0,0
MER/SOL,MER/SOL[deprecated],8JFmga7ckN4y5tn9SDoV9gXkAyXXcAnKNYcbxwgqugEC,BXM9ph4AuhCUzf94HQu5FnfeVThKj5oyrnb1krY1zax5,5203.804000352848,0.0011295499800876145,0.014130189373302305,0.03936916187508924,0.04683880842967516,124.2419390522235,1.236976693072715,2221.6032515545294,22.11871019070619,13177.631210805785,131.1990363481261
FIDA/SOL,FIDA/SOL[deprecated],EQqcMTDqRdtR8CKpnK34MjYbLQS33UusQGQfte9VPn5u,FJ9Q9ojA7vdf5rFbcTc6dd7D3nLpwSxdtFSE8cwfuvqt,11165.34372710692,0.013639984070091598,0.07946780390953986,0.07767209177450939,0.06527858302235749,1496.1235977560384,14.895694919912769,11066.475340782416,110.17996157688586,44413.1877033321,442.1862575003196
MAPS/SOL,MAPS/SOL[deprecated],3J9zQTjQDSd9qd2nGF13buaqrCCfeocpmq7MGUzdU9zN,EHkfnhKLLTUqo1xMZLxhM9EusEgpN6RXPpZsGpUsewaa,16115.81854804707,0.008537465153325369,0.02425574453191847,0.028742730479201003,0.05733113983571793,709.0581150851974,7.059519266081217,6047.503590614866,60.21011141591862,61509.24753267027,612.3979244590828
COPE/SOL,COPE/SOL[deprecated],5hDH3K7uK12xojeDrkCWa8HPD46JWV8w73Sz6dB1eZvJ,2697FyJ4vD9zwAVPr33fdVPDv54pyZZiBv9S2AoKMyQf,6733.02668013227,0.003453982477100757,0.033651612039109664,0.03444645011803304,0.04151126928648881,248.24687169317076,2.4715937046313297,2456.4694062605945,24.457082897855383,15060.521059118484,149.9454506085074
USDC/USDT[stable],USDC/USDT[deprecated],FX5UWkujjpU4yKB4yvKVEzG2Z8r2PLmLpyVmv12yqAUQ,33k9G5HeH5JFukXTVxx3EmZrqjhb19Ej2GC2kqVPCKnM,2664.468848877226,0.99951798216534,0.009190868377932423,0.04327790973133149,0.07967421700601106,134.7391065234671,134.7440920548731,2603.6572877840404,2603.753626668227,23230.378723748843,23231.238279565187
SOL/USDC[aquafarm],SOL/USDC,EGZ7tiLeH62TPV1gL8WwbXGzEPa9zmcpVnnkPKKnrE2U,APDFRM3HMr8CAGXwKHiu2f5ePSpaiEJhaURwhsRrUUt9,108406386.98002683,100.49215542866749,0.29829207800047863,0.3327263403570188,0.3250244656731969,51390537.93013096,51417223.46911143,364821183.64871997,365010624.1626604,1055124155.8012903,1055672049.5950302
SOL/USDT[aquafarm],SOL/USDT,Dqk7mHQBx2ZWExmyrR2S8X6UG75CrbbpK2FSBZsNYsw6,FZthQCuYHhcfiDma7QrX7buDHwrZEd7vL8SjS6LQa3Tx,12637338.717022859,100.44371641750745,0.060106389162527106,0.06186538184835319,0.09519294488135892,854603.5771117943,854635.198614143,6497512.527744711,6497752.944603661,44342272.3522962,44343913.077080056
ETH/SOL[aquafarm],ETH/SOL,EuK3xDa4rWuHeMQCBsHf1ETZNiEQb5C476oE9u9kp8Ji,71FymgN2ZUf7VvVTLE8jYEnjP3jSK1Frp2XT1nHs8Hob,321146.74790517136,29.449920350457983,0.013773493527821765,0.017922789363295537,0.03209618694414635,7616.5510941336315,75.83185079782588,69787.56791725832,694.8184778699554,609291.0937782177,6066.219571666843
ETH/USDC[aquafarm],ETH/USDC,FgZut2qVQEyPBibaTJbbX2PxaMZvT1vjDebiVaDp5BWP,3e1W6Aqcbuk2DfHUwRiRcyzpyYRRjg6yhZZcyEARydUX,2742478.136341451,2959.485973220101,0.04387483616188782,0.04748164744877018,0.04885768794579168,141594.86522397873,141668.39111896948,1097590.5461349802,1098160.4914300323,5497171.864666271,5500026.378356638
RAY/SOL[aquafarm],RAY/SOL,3THMPkPmcHJ54JtHRyazhs7UN7HbV5KiNJVLJs6hSPSC,5kimD5W6yJpHRHCyPtnEyDsQRdiiJKivu5AqN3si82Jc,47084.14855488204,0.02558741537236161,0.07524398198548114,0.07613055093843883,0.10590188342082708,5634.110524105257,56.09429036345338,40110.81519932511,399.3510075599871,261953.3508755258,2608.058053320647
ROPE/SOL[aquafarm],ROPE/SOL,DCENobjFZK59nLeMCVRkQtnkAWrJkWAVpmVnwVNc8gqH,ADrvfPBsRcJfGsN6Bs385zYddH52nuM5FA8UaAkX9o2V,3798.8686637955398,3.4159697331740343e-07,0.014002061578232734,0.020035822872559544,0.04087103147785299,70.91675895197682,0.7060609214653207,624.2022336004779,6.214677753887674,7982.1545797548715,79.47186957143441
STEP/SOL[aquafarm],STEP/SOL,2sNtf8wLZMR7XJm2pzvvVUNPTNRFsGTiC5vgDSGv5QGD,8nTzqDXHriG2CXKbybeuEh1EqDQMtrbYMFWcP7AkiDaP,107871.04758678915,0.001105774591796097,0.029968602795650636,0.08211488840493865,0.16515114454555535,3677.0355396820546,36.60927458863057,75962.35061942376,756.295804653761,790584.3151878881,7871.2098286328965
SRM/SOL[aquafarm],SRM/SOL,EJRXAkKyDhDgzdZz1Ss5CpWKWSK9xTR5S6GDLAer8mdh,9tf8rBSEQYG7AqL896fN2nZi1iYPqpWaLEdpbeQaC1Vy,149933.82751581792,0.02369573874950219,0.02772706241465163,0.046553686103455255,0.09610907474340939,4962.681816559703,49.409416731976336,59853.6210866076,595.9141884369534,636118.3355633385,6333.316761881108
FTT/SOL[aquafarm],FTT/SOL,68Bg6yQxWm3mrUYk3XzMiF5ycE41HwPhyEdaB1cp6wuo,EsYaDKJCmcJtJHFuJYwQZwqohvVMCrFzcg8yo3i328No,165919.94228611057,0.4104938271604938,0.01781297159011947,0.054622267396879885,0.06322402491548623,4354.272085910371,43.35197218150509,87342.2861289651,869.5966360908513,510046.27894957166,5078.119065607046
COPE/SOL[aquafarm],COPE/SOL,BRx4dJecxzeGYc1BskCWonfGCeMyv9G7tk66cf2QGhK6,CzieDbGRdN1QGaGDNpSqzEA18bi881ccvkkGZi51pe1k,33637.259362328194,0.003453982477100757,0.04678885101969384,0.03963297335293692,0.05378550329096389,2356.632069962125,23.463083133832388,17685.298185338615,176.07823760791135,112448.58234305728,1119.5597604844413
OXY/SOL[aquafarm],OXY/SOL,Cq4EZrvuFQpsCz8L3gS6t7iQ7VWzTtqDgSxD4AgVAAfd,7tYCdLN84EnTMkxM7HNamWJx7F4xgKe9KiiWvLyWjbgT,12215.500873119436,0.0023929410593389088,0.006785368531087471,0.03547833271200236,0.05648453533824726,91.19424079617269,0.9079474392291188,4531.806763383127,45.11954165056877,42526.5138123254,423.4021685814954
BTC/SOL[aquafarm],BTC/SOL,7N2AEJ98qBs4PwEwZ6k5pj8uZBKMkZrKZeiC7A64B47u,Acxs19v6eUMTEfdvkvWkRB4bwFCHm3XV9jABCy7c1mXe,170614.66782821136,394.47431302270013,0.02077884007028279,0.028194497231622626,0.05024381843299836,4719.635782164803,46.989603565957815,43146.264601494186,429.57252689659686,349233.32070419233,3477.034256314141
MER/SOL[aquafarm],MER/SOL,UJBm2tHwDbQZpjQvaHozg5qkjh6prSKhnWheqR5T76Q,HiwRobjfHZ4zsPtqCC4oBS24pSmy4t8GGkXRbQj4yU6L,24441.11441635406,0.0011295499800876145,0.028632760905909105,0.06434525407483119,0.07650553400286178,847.2784366079845,8.435667429390527,14949.604543410089,148.8411443987464,175171.40254227107,1744.0402483300584
FIDA/SOL[aquafarm],FIDA/SOL,4SUBbivGMvMhem3ajVtkmuPvL4GuQ8kfYTJFuQfG4F8t,EYsNdtyu4gGTaGz8N5m5iQ3G1N6rDyMbR72B3CqbWW4W,11016.01987390392,0.013639984070091598,0.413156798193388,0.33356406639239194,0.23261055530654356,7487.566871130995,74.54765901165865,45810.23710900167,456.0955506670815,155652.24399385112,1549.7037434672554
MAPS/SOL[aquafarm],MAPS/SOL,4rkgbbCPKk5zx3KiwcCNiSpNSSLgAkswKGfX7CJjGgtC,99pfC8fWymXgbq3CvrExhx3UxQDC1fMWEWLbNT83F45e,7984.264616070658,0.008537465153325369,0.11254048293858511,0.09594207021737464,0.14893062190344664,1494.5291474653488,14.879820265485353,9444.798400697146,94.03423338009902,84790.24573114823,844.1880299795722
USDC/USDT[stable][aquafarm],USDC/USDT,F13xvvx45jVGd84ynK3c8T89UejQVxjCLtmHfPmAXAHP,H2uzgruPvonVpCRhwwdukcpXK8TG17swFNzYFr2rtPxy,3518913.422518046,0.99951798216534,0.024410274128170803,0.025307307280381136,0.018944267122008304,706515.9386919681,706542.0807489557,5459474.367938332,5459676.375964243,22554816.181484595,22555650.740561996
ORCA/SOL[aquafarm],ORCA/SOL,2ZnVuidTHpi5WWKUwFXauYGhvdT9jRKYv5MDahtbwtYr,2uVjAuRXavpM6h1scGQaxqb6HVaNRn6T2X7HHXTabz25,16343363.850178491,0.01911919365373379,0.024499785615452588,0.02678149332614641,0.038132063641128505,627233.1299766598,6244.85394241995,5398188.749586521,53745.40770197651,37594136.64010311,374294.4707298199
ORCA/USDC[aquafarm],ORCA/USDC,2p7nYbtPBgtmY69NsE8DAW6szpRJn7tQvDnqvoEWQvjY,n8Mpu28RjeYD7oUX3LG1tPxzhRZh3YYLRSHcHRdS3Zx,17449715.887887854,1.9213289803218088,0.026276433666277594,0.02913055367822797,0.03553908378054113,695246.8727716607,695607.8932682669,6096342.993015321,6099508.637998442,36698556.76044158,36717613.20169326
KIN/SOL[aquafarm],KIN/SOL,Ez52BLSoZw3MxWxMK4ADsJXqzUiYW9sUnwcrrQwQGdLT,HEvnD66WcBfTajS9adUYnGRBMDehFtLySiFHSD6kEBWs,112570.22868366833,3.346276383910792e-07,0.039668848266637684,0.03932632932179961,0.041268590099457034,5690.029069424688,56.651026179059016,34992.74330539583,348.394497265988,179415.9630700656,1786.299911091852
SAMO/SOL[aquafarm],SAMO/SOL,DiAP9qmp5foN7fLTWfBWjo9KBS1jgvKUJLWi1ZhqKaja,D6N9j8F2DhtzDtrdpT74y3u2YmYAzcggiLc3nTjqux9M,2913879.5789991827,0.00018602956989247313,0.04156598849180528,0.0376243357847056,0.07891269817531446,266315.6096825717,2651.4895428372333,1615457.1622864197,16083.802890147548,13369551.031748345,133109.82707833877
LIQ/USDC[aquafarm],LIQ/USDC,AXSeEafwPUGSamiZWH8m2PJtvpDVtrofxvycNwxiysdh,3PD9SZFwXKkXr4akLf4ofo37ZUMycwML89R2P3qxcbZG,114137.52450992768,0.02693826095743691,0.02232180807787684,0.09576442623155199,0.2712509053216305,1617.5157933354067,1618.3557199540628,80804.3536105326,80846.31284690015,1253842.9048792985,1254493.9872586858
SNY/USDC[aquafarm],SNY/USDC,BDn3Fj9UXVi2mRVMR2jzpCrAZZphnwfkvFhs192yhCTu,AZpo4BJHHRetF96v6SGinFZBMXM4yWMo4RA8C4PriDLk,50611.849283917116,0.4278560572937355,0.008923557055352119,0.009353951197642978,0.02046420524317738,718.308158670683,718.6811541897075,4099.427603518735,4101.556311244271,46422.47080449058,46446.57657773443
mSOL/USDC[aquafarm],mSOL/USDC,Hme4Jnqhdz2jAPUMnS7jGE5zv6Y1ynqrUEhmUAWkXmzn,8PSfyiTVwPb6Rr2iZ8F3kNpbg65BCfJM9v8LfB916r44,2743845.2356127505,104.79438828752123,0.05363586675668611,0.06454987310146439,0.08661724512030641,178832.6306988213,178925.49302970374,2401136.0681038555,2402382.904831463,23158900.58524878,23170926.2959964
SLRS/USDC[aquafarm],SLRS/USDC,87Xz6RK1uzP5NEhSjMewZtDAZyg4V1tYAa1KHnvge17b,AtB4nUmdyQfuWWJ9xAHw9xyVnJFfSjSuVWkiYan8y86w,152351.92828467963,0.11863857341960478,0.02588585014765993,0.05168255902905837,0.03156313764060062,4372.858337243778,4375.129029209938,66013.4711102407,66047.74989243488,186710.99087138212,186807.94419441902
PORT/USDC[aquafarm],PORT/USDC,4if9Gy7dvjU7XwunKxdnCcPsaT3yAHPXdz2XS1eo19LG,F8gPSpwVHj8FdAJAYULDuZBxFEJut87hUbARYYx3471w,109315.72431576272,0.5526318159124586,0.06659684988072705,0.0541068925711877,0.054394346317496,8188.803242812319,8193.055438584945,46745.8066197662,46770.08029143746,220375.82040597845,220490.2548482447
SBR/USDC[aquafarm],SBR/USDC,HiYggjP2fN53Jw46e5UuskqNP3HH98jceRxEgVoeRwNw,CS7fA5n4c2D82dUoHrYzS3gAqgqaoVSfgsr18kitp2xo,734786.4637283693,0.02162153157488737,0.07569741941905263,0.09654707946769656,0.12560304054769122,65607.08102365256,65641.14877986931,600371.370276655,600683.1248184358,3923068.979316824,3925106.1093875966
scnSOL/USDC[aquafarm],scnSOL/USDC,6Gh36sNXrGWYiWr999d9iZtqgnipJbWuBohyHBN1cJpS,Dkr8B675PGnNwEr9vTKXznjjHke5454EQdz3iaSbparB,607296.1836782435,104.12777725753456,0.036399589703989724,0.03604883241868082,0.05991902569363512,33357.47409611576,33374.79561503996,260538.22851006087,260673.5180659371,1984213.8221616915,1985244.1638827468
pSOL/USDC[aquafarm],pSOL/USDC,GW1Xt9HHtvcnky8X7aBA3BoTgiirJKP5XwC5REFcZSsc,C2YzN6MymD5HM2kPaH7bzcbqciyjfmpqyVaR3KA5V6z1,8142.510963943807,99.17551347153444,0.049857308348710064,0.041473061709274506,0.08627490998162234,309.16808832226826,309.3286298811766,1783.7799542156995,1784.7062167421889,21135.76053988206,21146.735695708132
mSOL/SOL[stable][aquafarm],mSOL/SOL,9EQMEzJdE2LDAY1hw1RytpufdwAXzatYfQ3M2UuT9b88,29cdoMgu6MS2VXpcMo1sqRdWEzdUR9tjvoh8fcK8Z87R,8748844.125710795,1.0428116288331342,0.003410343965499153,0.003420627231244839,0.006337649116047446,182746.4221933846,1819.4586040759123,1301783.0171386276,12960.802639771282,11327998.23369167,112783.73390772272
ORCA/PAI[aquafarm],ORCA/PAI,7LfLiCnoLPefaCVuh6z92TK2tPZUa9bPjW7gHT4jqrec,C7TH2jEJJaxVwwuvkbcDGfHUiZvEkkeYjyAcdTMi5ujb,2272.393603967002,1.9287254588885525,0.006061560983853426,0.010531431862031353,0.021263133153158958,19.26893401222933,19.353157298261724,184.37516548200685,185.18105761334144,2248.1768790988317,2258.003517366397
ORCA/mSOL[aquafarm],ORCA/mSOL,49tTgthTYLMPEqozZNyEQifqkGYxHqqDie9YxVczS3iB,CVapmQn7HaU1yMDW3q6oUV4hx6XoYv54T4zfGXkuJqkA,602301.5231301032,0.018334273540013574,0.013716999904575143,0.020157488132975628,0.02924005894769841,13742.960754268524,131.21024206863208,145816.60572048943,1392.176873405475,1066300.067642252,10180.447466509948
scnSOL/SOL[stable][aquafarm],scnSOL/SOL,2q6UMko5kTnv866W9MTeAFau94pLpsdeNjDdSYSgZUXr,APNpzQvR91v1THbsAyG3HHrUEwvexWYeNCFLQuVnxgMc,3963850.6100735106,1.0361781654832527,0.001375852047332172,0.0032259082156007564,0.016525771565703857,34406.72295656645,342.5599657165119,513981.6879255376,5117.300755929287,12116488.972356785,120634.09968495405
ATLAS/USDC[aquafarm],ATLAS/USDC,3V5sjXj1mrWjjB1Xt6Xwp554QwHE5fppGSxbk4GzAtEW,FZ8x1LCRSPDeHBDoAc3Gc6Y7ETCynuHEr5q5YWV7uRCJ,16056854.374107804,0.022910170378426405,0.041800802305128774,0.02784101749480348,0.042973370683115325,744015.6239102171,744401.9685318852,3981894.2868045736,3983961.9630634035,27377900.414960135,27392116.923643507
POLIS/USDC[aquafarm],POLIS/USDC,CdKPtCb5fBRaGFS4bJgytfReeHuFyhpe9YUyWHPnEWZG,GteBdo9sqE7T41G8AJsaG9WHW48uXBwsLLznmu2TBdgy,9610587.390255436,1.4407477480812543,0.018291236437349086,0.022459896991326216,0.03243175798390853,198625.762413563,198728.90271407162,2310708.652894641,2311908.5334234876,15445023.881445948,15453044.011287807
BOP/USDC[aquafarm],BOP/USDC,9pheQ8EX2wDKHZYm75G9haEbTyAcg8F2gFWybw2w6Vyc,2gXDJZ7XAtQEtf4PRSQZKoq1WMuu1H44tQanbMA3YVpu,454448.1779437907,0.030027094061818086,0.04597964530052967,0.032460791173736965,0.051727521709607684,24174.049040124948,24186.601886504046,144067.43059487682,144142.24041765358,1008313.302444729,1008836.888790011
SAMO/USDC[aquafarm],SAMO/USDC,Epvp7qMYAF21VVjacdB3VfKn6nnXQSF4rGYu8sD6Bkow,6VK1ksrmYGMBWUUZfygGF8tHRGpNxQEWv8pfvzQHdyyc,13754629.628433982,0.018694512451962568,0.05041795906478933,0.0566210396398959,0.1017689991905754,984270.9911200418,984782.0930263225,7399074.040189904,7402916.153673661,52121508.626177065,52148573.73594602
NINJA/SOL[aquafarm],NINJA/SOL,3ECUtPokme1nimJfuAkMtcm7QYjDEfXRQzmGC16LuYnz,4X1oYoFWYtLebk51zuh889r1WFLe8Z9qWApj87hQMfML,653350.6943589383,0.0011550144591152207,0.008599285205427003,0.012196332673702385,0.019953007234089073,7050.372796479209,70.19487053444055,74452.8225814666,741.2666525434746,712056.4086184315,7089.370854424847
SLIM/USDC[aquafarm],SLIM/USDC,8JPid6GtND2tU3A7x7GDfPPEWwS36rMtzF7YoHU44UoA,BVWwyiHVHZQMPHsiW7dZH7bnBVKmbxdeEjWqVRciHCyo,102309.84940791632,0.3321814021477147,0.14595191528710127,0.05672421241185025,0.06761285609516628,17776.407183989748,17785.637930075456,52200.297883060164,52227.40390568722,347409.4859324605,347589.8850828185
wHAPI/USDC[aquafarm],wHAPI/USDC,2Y1Jmpkf5wt1X5zcFHNBDoHxqjTXbMJfj1UFtrYQwUbG,ELfBngAgvLEHVBuJQhhE7AW6eqLX7id2sfrBngVNVAUW,192588.15838525954,17.228941820804998,0.06314524110318596,0.029585326279356533,0.03565883074860031,16654.354865605892,16663.002964144285,56577.629424145576,56607.008461537116,253151.84837149776,253283.30240544621
COPE/USDC[aquafarm],COPE/USDC,DhGTKyT6RVkpvPxXAJodi4Z41RSvQZxV1f5eRvJ5bE4r,HsauTv9s52Zv12eaDuSp6y7BEm4e4BHEyAsbdjyyWzPK,428944.82098323177,0.3470981439367032,0.04834741437642007,0.03361210771757926,0.03566387619890598,25393.49557542658,25406.6816431994,123574.58842400587,123638.75693885714,582265.0544804357,582567.4069646504
SUNNY/USDC[aquafarm],SUNNY/USDC,3Ukqqshh3kZ8UPbcYYFSRaeJcsgttcmShtNNn12F1rj2,GHuoeq9UnFBsBhMwH43eL3RWX5XVXbSRYJymmyMYpT7n,245176.61927055824,0.0018611259243547403,0.0895639545859738,0.16435911898060915,0.18798382823345655,25726.928393444632,25740.28760271044,370232.1641041148,370424.41437517555,2024040.2480695301,2025091.270438888
GRAPE/USDC[aquafarm],GRAPE/USDC,6MxUhBLXHCqpdYaFPTmw1D9fQ7zYnm9grZyJvpGiqr15,EorFh8siFyLF1QTZ7cCXQaPGqyo7eb4SAgKtRH8Jcxjd,41872.185815365556,0.012827327226941078,0.027788045283059847,0.02331325281329951,0.01983975643685475,187.1027568898389,187.19991364502067,9126.373723831957,9131.112771360295,35845.286550887424,35863.89991494328
ABR/USDC[aquafarm],ABR/USDC,rxwsjytcEBvXpXrXBL1rpsjhoh78imBn8WbxjKmLRge,GMzPbaCuQmeMUm1opH3oSCgKUjVgJUW14myq99RVPGX5,1759859.4062499527,2.0510645024767853,0.010130788066642464,0.020814117677400247,0.022262529429292136,24678.498411790562,24691.3132033431,300374.2848515191,300530.26005648845,1332513.4964641323,1333205.4300823451
KURO/USDC[aquafarm],KURO/USDC,HdeYs4bpJKN2oTb7PHxbqq4kzKiLr772A5N2gWjY57ZT,DRknxb4ZFxXUTG6UJ5HupNHG1SmvBSCPzsZ1o9gAhyBi,116994.02068220878,0.012573975893488722,0.0006496872408178893,0.001238252607134864,0.00560081579780074,136.4016931442308,136.47252238334775,1514.3194092988408,1515.1057491826666,31780.480203291616,31796.98283738422
MEDIA/USDC[aquafarm],MEDIA/USDC,5L2aVMnNsmrnkxU4B25ajb2pR5AJWBRfUa73wjasjyaB,2toFgkQDoPrTJYGDEVoCasPXuL9uQnjvXJaDwa9LHyTx,202579.56132607683,33.527400720974185,3.1778312752154395e-05,0.00042988626331290293,0.005611768118188869,7.055384860675302,7.059048506850358,762.9890463621172,763.3852433033917,50492.48448573622,50518.70369295286
TULIP/USDC[aquafarm],TULIP/USDC,BNwrRN23RCoq5MAneJ6Cot7iN2FLtyt9rtcjaVfAXTLt,4SBx8GXu8HhcVHWydQv1vsDdZs3G93XSL9CtMBny6hS5,133710.85249663307,11.666054682380157,0.05585099950750205,0.021781948186985558,0.02940623270339641,7986.8762471273,7991.023588369664,23510.86314354646,23523.071617716054,159979.9895281581,160063.06225746972
MNGO/USDC[aquafarm],MNGO/USDC,Hk9ZCvmqVT1FHNkWJMrtMkkVnH1WqssWPAvmio5Vs3se,H9yC7jDng974WwcU4kTGs7BKf7nBNswpdsP5bzbdXjib,207346.1057147338,0.1381937225419993,0.015979750501083093,0.018628712704497154,0.04093243247854779,3893.429660869161,3895.451400145837,31361.893979200584,31378.17925423353,327005.645748475,327175.4498069248
stSOL/wstETH[aquafarm],stSOL/wstETH,B32UuhPSp6srSBbRTh4qZNjkegsehY9qXTwQgnPWYMZy,Eswigpwm3xsipkTqahGi2PEJsJcULQBwZgxhQpr6yBEa,1937447.985594136,0.03511732262962299,0.03576446110446677,0.013731838634822796,0.017277562033194502,90281.35877593739,30.52902844078323,240542.1301348331,81.34035233472983,1402249.3160100458,474.17661663450116
SYP/USDC[aquafarm],SYP/USDC,5DnwMqYAGEKekYXJdN8Bue6vN1p5zrEnBpmd53jEK61S,qJxKN9BhxbYvRNbjfK2uAVWboto6sonj8XC1ZEW5XTB,74331.87334293552,0.012711277152842326,0.027040122537855066,0.016677429854287502,0.01792724019892354,2239.058801076756,2240.221476022812,10160.772078323456,10166.048257369031,55400.520796539786,55429.2885973218
stSOL/wLDO[aquafarm],stSOL/wLDO,CqwyVxWeaiikQ3VhvEZSEmupmG1Wmc2FeaUjsCV492Sx,74B9aMS7SA832xKngt5VLKmWAP3pa3qkUzWncTmQSsGF,350460.32980392023,38.18014705882352,0.13281212896385816,0.16496974681347917,0.2342499012570095,60781.53939641695,22346.15418985917,539856.7521337159,198476.74710798377,3718546.81661594,1367112.8002264486
whETH/SOL[aquafarm],whETH/SOL,FcEro2uFpHcb7Z785CBs6q12KMJqUJKa8VTXPi4TTBMf,7aYnrdmdCRodDy2Czn6keUquUhjF1jPEmfwZPh488z8U,1616180.9788178857,29.449920350457983,0.021099994714932273,0.03685708950806231,0.05225437641458092,37381.42223245513,372.17664508617213,601206.4442379823,5985.727242512767,3249876.3460272816,32356.39532086103
whETH/USDC[aquafarm],whETH/USDC,4reGGLbesqpAeAZdAJv9hhgA2tgj45oGcyRuEvhATdMm,7NPtjjAP7vhp4t5NCLyY4DY5rurvyc8cgZ2a2rYabRia,7455704.939848307,2959.485973220101,0.03289973600900218,0.04699549281818637,0.04163759492639182,280062.717855191,280208.14588290424,3029119.6229426158,3030692.5523773,13328740.070725322,13335661.278929086
MNDE/mSOL[aquafarm],MNDE/mSOL,vjHagYsgZwG9icyFLHu2xWHWdtiS5gfeNzRhDcPt5xq,5PHS5w6hQwFNnLz1jJFe7TVTxSQ98cDYC3akmiAoFMXs,2510264.0605575508,0.0029199923620393357,0.03011305326867794,0.05650680903088683,0.0548608862175562,92104.50204703245,879.3632045735388,1168408.3535056983,11155.321305190933,4685545.462644864,44735.014919275
WAG/USDC[aquafarm],WAG/USDC,B76e3wtCDTKBgKQjvx87EBkDLPGcCY9w1SGiwjD5kaK7,Df6XNHMF3uRVZnz7LCEGiZVax6rXgz76owtVkBHEjSb6,19694.738180849225,0.046360567749371466,0.09415688339523676,0.13788392937627555,0.11701259580221302,1052.530296,1053.0768428814554,13376.912503120338,13383.85872579903,127145.81926847667,127211.84221458604
mSOL/USDT[aquafarm],mSOL/USDT,Afofkb7JTc32rdpqiyc3RDmGF5s9N6W1ujcdYVfGZ5Je,9cMWe4UYRPGAUUsTkjShJWVM7bk8DUBgxtwwH8asFJoV,20746121.32051072,104.74387552339435,0.04885472396277021,0.04829827407806336,0.07474102582060194,1109504.1862680614,1109545.2394419208,7895029.468782073,7895321.595681112,54158363.18303291,54160367.11661622
mSOL/whETH[aquafarm],mSOL/whETH,A71DQffTzgxBSzXjPL3tmf8XXTNtS5mR2D78Y8rmV2hk,5qoTq3qC4U7vFxo3iCzbXcaD1UEmDeCD63Dsuoct71oV,3999797.870317663,0.03540965871634071,0.009645387399092598,0.017433633786988614,0.0289806547203995,49014.18375380106,16.570321930323725,661573.9844288767,223.65962387088243,5020692.975696721,1697.355592791197
BTC/mSOL[aquafarm],BTC/mSOL,8DRw5wQE1pyg6RB1UwypGNFgb2Pzp2hpyDDNwo76Lcc8,8nKJ4z9FSw6wrVZKASqBiS9DS1CiNsRnqwCCKVQjqdkB,5062797.904210376,378.2795493603208,0.02403661474080614,0.026476445198948147,0.04046815425228466,174016.45236401143,1661.4135226657575,1306840.5127186186,12476.995538653988,8690740.995583743,82974.42233706075
IVN/SOL[aquafarm],IVN/SOL,CFCivUWXBuULVNfJezj1fAhX6hdwVFi2BsCtpu6m96bR,DfgCnzaiTXfPkAH1C1Z441b5MzjjTCEh134ioxqRZxYf,28292.491526069112,0.00623250616442563,0.018069692714945323,0.023287235192788906,0.05622158789388118,564.6535557487708,5.621799639075775,5616.970704815704,55.923643018873996,64509.89424451589,642.2729415025477
LARIX/USDC[aquafarm],LARIX/USDC,DaNULZAv2VyLk75pW3QD5szVzx5dT6iNvoih94Bttqf5,8sfThep3io4gvcGeuoAg1Rs8GDwKJjtcdAFHqQSSNAVE,206131.83451657905,0.002991182423677889,0.005696933275549972,0.005390623236453565,0.010390481270480232,1539.0413967907077,1539.840574048639,9734.41782245956,9739.472608743497,90942.56423378726,90989.78793372486
PRT/USDC[aquafarm],PRT/USDC,CRm5uRBsVmUVHVqKfCCvCUX1RLUkjfcBWAeMQ5D9VuCM,6jCERp5hKj37PCXP3VTjCDJeoPuSpnMDMz5A6jWQv3yS,36317.6997941317,0.0018167729051377667,0.046920907260074265,0.05302651928912361,0.08656377274882245,1954.621417515301,1955.6363928031658,16178.247095860324,16186.64796615476,134839.3268265868,134909.34477652583
JET/USDC[aquafarm],JET/USDC,ErWwp9HKjk5ZPLDt8SrHKH5PvSKTwFDdFo5E3zDuE5Be,GBijunwxa4Ni3JmYC6q6zgaVhSUJU6hVX5qTyJDRpNTc,151443.23457641577,0.28009036690042133,0.02495351705761483,0.02846015623753414,0.02294082012207956,4190.230505048021,4192.406363950911,34294.02276195148,34311.83060203394,113619.48902038163,113678.48815573446
stSOL/USDC[aquafarm],stSOL/USDC,EfK84vYEKT1PoTJr6fBVKFbyA7ZoftfPo2LQPAJG1exL,GtQ1NT7R5aaTiST7K6ZWdMhwDdFxsSFvVFhBo8vyHGAq,4764712.637258639,103.90392613766545,0.09588896449468676,0.054296400135178516,0.07833188727803386,754656.6476867949,755048.5178675682,4240844.3672017725,4243046.508339601,33044167.740513325,33061326.56900264
wstETH/USDC[aquafarm],wstETH/USDC,v51xWrRwmFVH6EKe8eZTjgK5E4uC2tzY5sVt5cHbrkG,5a6Y1ephcbKSoyLMQyD1JWbtqawCy8p2FtRL9v3zhaG5,674.913976082349,2958.7655993460608,0.02626041044484337,0.01842036172506494,0.027717721394735783,58.788865977121574,58.81939324221429,362.5667329127145,362.7550027591465,3280.787955521771,3282.4915686458985
AURY/USDC[aquafarm],AURY/USDC,6HSguUukDH9zqJBm6oAAmFkg1WK9dJ5iLgnppTCM6jHm,6mJqqT5TMgveDvxzBt3hrjGkPV5VAj7tacxFCT3GebXh,2189194.472376962,8.76454880082763,0.012603947822988208,0.017596318043324788,0.1228883547251057,33339.523424092375,33356.83562178008,360250.7919817182,360437.8592306589,1667007.047441473,1667872.6733589463
AVAX/USDC[aquafarm],AVAX/USDC,7c2CLgatf2TU36PgpS65WLmvWk94rmaHVf1Z1peZ7mcA,Hmfrtmo93DpSDmVNLQKcBS5D1ia5JatiRSok9ososubz,210756.5682093583,74.0784467138445,0.07934240638529146,0.06432819192623268,0.11264395042458876,20037.090004996277,20047.49465472208,119194.17923439812,119256.0731363559,954197.4484601826,954692.934092977
FTT/USDC[aquafarm],FTT/USDC,8npdwWX2BR39kcFLtTJABbcjNq7NWQvipfqxgsfk9mTX,FwCombynV2fTVizxPCNA2oZKoWXLZgdJThjE4Xv9sjxc,168912.5455070818,41.25140948152091,0.046971945287484614,0.10766485651407176,0.09517208163036817,9553.94910671423,9558.910181098221,153729.3028441383,153809.1297824954,736081.8119453734,736464.0367804625
RAY/USDC[aquafarm],RAY/USDC,2R2VhohRc5WoNHtRdwnjovAQaZRAmr1DE3QFW5jfgb6v,4cXw2MYj94TFBXLL73fEpMCr8DPrW68JvrV8mzWgktbD,7075.962726134683,2.571334522617238,0.040681740299822286,0.10309973278882581,0.17107941879902241,374.84214110033327,375.03678519184786,8091.710096611543,8095.911874874603,59399.31598215651,59430.160235318646
SLND/USDC[aquafarm],SLND/USDC,GhosXH9yZPxqSyTHqJtXQt6w65YfiGjKXcEXciX1P3z8,F59gkD7NnsdJbFKrRZsiBC8PAooN4c56T8QmahfW1iXN,1070524.3789470415,1.8509606485766115,0.0028372822252244532,0.007706027890289366,0.01730221364688494,8110.156288335895,8114.367645143725,228222.7396271476,228341.24873524118,2348874.4841244277,2350094.1830054075
GOFX/USDC[aquafarm],GOFX/USDC,C3b5AWQJiyar5g8EWu75zgDE26F55ZJWpqtFVCCVDQQQ,7vnps4VE5RTGAr5fmPZu7fSrk2VnM4Up838grZfqmxqE,473378.7866590789,0.10956486416450137,0.019912759545664432,0.02184802268227318,0.01808000627120252,13795.613070173613,13802.776711286771,82743.77611715136,82786.74243647589,410982.050467119,411195.46091133205
WOOF/USDC[aquafarm],WOOF/USDC,HY6iq1dp7pHwstfmLFu8m2iEvRQtjX3N751jcN6KrQXU,9EjcYfHcG8f1mccpHyaAwpoxaUPiheC6KgLQjyD9aTb6,104497.13361169836,0.0002735919942450132,0.2845507962914068,0.2694028300746617,0.47725977623170496,41318.59174201393,41340.0472265245,258494.13903464697,258628.36715720157,1940830.986357383,1941838.8006949436
SDOGE/USDC[aquafarm],SDOGE/USDC,8GoFKVkoxPyQKWXhoXs3ycGmp9rXYM8hz7eq1EUM1MJe,CHTKUJGYRtBDqnxCFjxe5KEkZgxV98udbhuYYyzGxup5,37261.450056181005,6.499373174677658e-05,0.03981952475915266,0.10691747693722006,0.14050583554774107,1382.981410386223,1383.6995504529082,17815.63492416003,17824.886040014797,134317.17872662767,134386.92554098344
CATO/USDC[aquafarm],CATO/USDC,GumfURfQvPaJ2E5ueCEKYJmymNQbV34gU9TmiKZYRkiv,55r9txzQtmjTykmTXmBYZCVMg5z9squB8b5cSw2AhxA4,29699.877869176613,0.002149859003165656,0.004101329041549672,0.026537924426270152,0.08569586672057333,231.6717814989623,231.79208158930717,6575.651211265276,6579.065746387651,100311.47737867298,100363.56606946304
OOGI/USDC[aquafarm],OOGI/USDC,9tK2LaapwjxaUmfcAzY9zgC39M3wnaFX558y2Bb4oxWG,DSiHyHDn96bUQSZtizyCRLcQzrwohZeMpVu8rYJN1HzG,13759.153830731419,6.340290610827019e-05,0.015891491249601656,0.011192222184557928,0.0459522684744731,171.43663629137865,171.52565810793666,1162.21284545746,1162.8163471416265,23029.7195894406,23041.678220437007
SONAR/USDC[aquafarm],SONAR/USDC,Dzp3ZWyUZGXZYWfodXdLdXfiW7gwVZBdWBwQ28eB6cTH,5MvQHx8eftU39JTucFsT315JFnQASuDQg3FqxTw7xcvN,87454.87997593086,0.03706278558571899,0.002973110969473801,0.01209558485516114,0.02667634870777201,283.91692164902196,284.0643510472155,8036.714617379044,8040.887838167054,132322.41092031004,132391.12191258266
APT/USDC[aquafarm],APT/USDC,Fg3UabVqnfycMtkiTVoaia9eNafehtT9Y4TicH2iBtvK,HNrYngS1eoqkjWro9D3Y5Z9sWBDzPNK2tX4rfV2Up177,353462.26645699417,0.027580844458273843,0.014593276567090172,0.04286783628013598,0.03678867420482202,5895.900655364384,5898.96221675488,125130.61377244024,125195.59028379753,427415.11734287883,427637.0609775262
DFL/USDC[aquafarm],DFL/USDC,59wJQz25rr38YnD69eXsntbdE4LB7m39KjHqZUUaoyZ3,AWrtTWG4Zgxw8D92bb3L3sQtGLD3zDztMPWsXSph8iBP,2823.742026143171,0.016674454041647618,0.014112826664063095,0.03679078067991043,0.1931494988713241,51.103420887886244,51.1299573357435,1294.783984183346,1295.4563260165487,37941.9983319168,37961.700454452664
DFL/SOL[aquafarm],DFL/SOL,GxkXvW6dJP3KUNWuXi64V99uRsPFEFnuuasNTq6fvZfP,9Y1vPaAsMz8X65DebMMnmBjbMo8i4jh4mcgiggZUUS3M,64815.29474946331,0.00016592791716447632,0.02216635191263638,0.0506105831718359,0.09537789103897465,2002.7346883928094,19.939612588538527,35655.73525759836,354.9953729350693,378587.62023275753,3769.2913205172995
FRKT/USDC[aquafarm],FRKT/USDC,DXNct3MfHDuhKiXHY3AUXPtj5sQVY3feuDxkDRfCw1rL,FnDxJPNk7pPmGHUbR4XUHmHevrkXHdna5D3sQKcAtjBL,3152.4560118082677,0.10460028754923806,0.023269363223244622,0.02080185391215817,0.12034317225324055,80.1032968208948,80.1448920198531,534.7351670495282,535.0128387128201,19895.12964271261,19905.460576751946
TTT/USDC[aquafarm],TTT/USDC,HD6pqxyqj4S7eS3orAyQyan5RpwpMPjKEDWgTyYXcfr1,FGgP1npQTsC5Q4xBmQtNYSh51NKqNwdxBZy8JCo3igcu,312891.9638843412,0.053046531149666676,0.02768068792954255,0.007716340782799452,0.004589701793825627,9335.6726228659,9340.520352929072,17789.622611092847,17798.860219546794,46880.34622787185,46904.68976185826
UPS/USDC[aquafarm],UPS/USDC,G67ZSkxE5N67x6A1WhcTaHiFHqRtRQUb3QHwjtPge1Xr,E1U63VXhNiWoUkVvjrfLDdV1oJrwE6zLde3bohr6jCqz,26736.60553825959,0.004423025550260586,0.02264050789484545,0.03701618379800349,0.05966387006278776,668.7034475503366,669.0506848557768,7626.386029769757,7630.346179436886,60433.69541492292,60465.07678977682
FANT/USDC[aquafarm],FANT/USDC,95aDcNzL8tL17jzHAUQXnRwuCmYBWKUr4xfjV6AMVJY1,GjG7JjTQfQpDxw4hWx4etP9oTaYCuCbPjsU8WaUT3xHB,129858.40752827894,0.047710474662767614,0.11045626443550606,0.03828264405026878,0.02949702840279981,16170.374907075142,16178.771689582036,42704.55247230885,42726.72764395607,197162.67717825095,197265.0577432197
BLOCK/USDC[aquafarm],BLOCK/USDC,ExeW62iy4xEUo5b5XnDru5oQCDRDUmBaFNqE4V4u7uvm,D8WjqtwC9CzBrQKfSf2ccCHFQuPYwyLv5KAy8WjT5vnf,1533.674630128641,0.2763748859036614,0.047231314864549,0.09240308784242734,0.12797064686090937,73.851543,73.88989185387217,1135.7413258292615,1136.3310816606436,6739.24111843288,6742.740600804698
RUN/USDC[aquafarm],RUN/USDC,9j4FdbK68xUDQVynTWHbNzBRAj7Q7Lywiqb82en4JzZs,34Ppq6R8NfYBwWwPY4cBK4Afyb8hHaASQFukCzH6cV4n,47933.22779184327,0.019100643233838362,0.04707684713494687,0.017012171479195183,0.011665960690295957,2511.440831546283,2512.7449461733468,5258.73349444346,5261.464194360333,19358.231384856514,19368.283524005474
UXP/USDC[aquafarm],UXP/USDC,eKuTPdMHmnVzLP63oWwdUH6bBAVcdvBfg4zvH2nWWCj,HjR8JgqNKQVMvdryqJw5RJ4PCE9WGk8sgbEF7S9S3obv,187656.88948962986,0.06965415050411164,0.0037470087508535512,0.010177683685183004,0.08069553391262359,1023.1877942435815,1023.7191044587956,20539.39617631066,20550.061658311326,53712.15326492753,53740.04434794412
BTC/USDC[aquafarm],BTC/USDC,2dwHmCoAGxCXvTbLTMjqAhvEFAHWUt9kZaroJJJdmoD4,J3kvcay3N16FBdawgnqoJ9v9p6XCvyCLE2Z9F5RLvGkj,2064474.6806786067,39641.57397689401,0.07410773777403418,0.047678778261963636,0.047874357647753225,200911.2427906302,201015.56987139347,854013.5299565975,854456.9931360352,3855938.1064893412,3857940.3775452874
MNDE/USDC[aquafarm],MNDE/USDC,2yNwARmTmc3NzYMETCZQjAE5GGCPgviH6hiBsxaeikTK,12Uj74zgUUoBe4yeackwQ4qYtFMr9fk1xL6q5Nha6t2N,311814.8342449224,0.30599881338414636,0.04360154355170036,0.0831341741612944,0.0826968837771442,19222.812438570196,19232.79425879051,300500.74604045,300656.7869128578,1141155.6485582097,1141748.2158822527
CHICKS/USDC[aquafarm],CHICKS/USDC,3abwmh8LDUsXMoDgNzZLq9QvKqKbhYND9N5aXh9yz7Dm,71CBZeJ4tw38L9pSPoCz4fRsuWE64Fipyzotte7haoCS,411009.08166661434,0.014635235687321722,0.03138426408486415,0.028473196267291126,0.038374800880850865,15124.363139888637,15132.216760387279,97395.25463896284,97445.82902422642,620805.4866692729,621127.8520244736
1SOL/USDC[aquafarm],1SOL/USDC,CKKuMECwW75NBNRKtYJz1svCycRHt4KpXmcNnHXiHY73,6MF5CHWAj5mS7FhpxiKz37CzR2eYTu236XpBKKMXCrGg,4002.5208586484705,0.24793968069428035,0.060187275773515694,0.15084960175144763,0.080794218115016,519.3311515902501,519.6008244181231,27819.997549879605,27834.443626121563,101634.83722450366,101687.61309570033
WMP/USDC[aquafarm],WMP/USDC,Cqy7PRGRx2QeTLZM3QmLGN68uHxEd9euj2eEeeZWnuvQ,HDgxKmiA8Pv82fNguhVeMkZqQkos2YksFPoP1KttWxX8,231159.20855702006,0.023458482065336225,3.788123145034865e-05,0.00044700218381892823,0.009544836530045033,19.17383271177343,19.183789098315454,1139.9350252077097,1140.5269586992747,91790.86402835003,91838.52822449854
UNQ/USDC[aquafarm],UNQ/USDC,3a3G1RjJe826EB1toShvPPWnyi2jXR53HP4vYb936kwj,2VuGzaMrDnDyZfYvDwSXk38s7M2wpud7LDY3dGA1J9sy,89256.39050422951,0.013383606091561522,0.013951622918066923,0.022269727494136204,0.024978280199837197,1324.626359763249,1325.3141978319238,18422.841341508876,18432.407761136907,108733.71042045276,108790.17251999064
BASIS/USDC[aquafarm],BASIS/USDC,9wb29L97MmPp7Nw8oaqiAGkXceETGNQurhySiUNLv5wh,GoaAiajubRgeCFEz9L6mLnSmT2QFegoJDH5tpLfivpj,20466621.999846704,0.08435978272723545,0.03719315246962582,0.035321911349165784,0.0496117669554741,761419.3438457719,761814.7256884042,5173581.66241464,5176268.145582197,24976551.155040745,24989520.7162925
GST/USDC[aquafarm],GST/USDC,87E4KtN7F4LivKhjqXaoQAvS3a8HnM4DnMUrbMrkVvXY,E6FUnQHGHJVJg7oExVr5Moeaj1QpdpZQF5odYjHXWPZb,34419638.65736309,4.882534035164251,0.8861522517842824,0.8850893964652338,1.0536383525332667,47772717.67586738,47797524.591130175,316929751.91895384,317094323.87304395,900695163.8778112,901162867.4059949
MEAN/USDC[aquafarm],MEAN/USDC,4jhCSYuGkLCiB8uvCaS34QCtPycBjayxEk27YCartTuW,F5BTnwuMA6rxftTdbZ33VWKr2wrr6DuQHnd4guKmPSYQ,845305.5905553857,0.3972902354154505,0.00774844502890758,0.008165471960145967,0.01750982758389593,7450.477308342855,7454.346113976009,58883.378070160004,58913.9544125001,525503.9261933126,525776.8043547728
AART/USDC[aquafarm],AART/USDC,8wVYTnchy3WbhJvKn4NhTbgtVm6Bfd6yvxR33DsSftse,HCtyJzFUtYecXrA52s4Y9atq4J1fhT3cYsTX17XVSFag,259629.27693797898,0.006310355074283553,0.009570469493492008,0.010511879363212727,0.01803656475154053,3479.9734241532324,3481.780468216237,28100.06845169114,28114.65996021049,231079.14452013583,231199.1368721725
SHDW/USDC[aquafarm],SHDW/USDC,25bQ6UzZpgFgnU7MqZdqM9Axi6oJunytRL2LgXruDWZB,DJqqvzSuPaWThfzwMjXx7H2ZmHDdwxza6NtFudtuXcpc,12951088.801664034,1.6785134652815321,0.12053881449348836,0.28511227327209054,0.12345436434110571,2315124.2846694817,2316326.4581012363,25929312.51718575,25942776.81835448,45407677.59519414,45431256.417274706
SHDW/SOL[aquafarm],SHDW/SOL,E3fxkJGNNAWf5xXDfMdq5qofBVkQtLKxkP7gG6Up21Ts,2ws7g3LBPdctfKn42Di9qxzQtUJ8ZL1aEAX2rGEQMNqh,8444790.365177635,0.016702930274721736,0.08423001384582719,0.18389952760311082,0.0863434070931534,1191630.0451107933,11864.098418068432,16730296.335839821,166570.0551158883,32200880.19213206,320598.1699734375
SCY/USDC[aquafarm],SCY/USDC,Ci2T7KY8xXc3NmSr4JmbhZ2V7SfjZ7Fn2q6VxJsDD1Dg,99ZHUQsgxL7K6PHrGNi1gSwawwPr7UA5fbWrYoHQ6qhX,493.973540552261,0.005771855593052795,0.0033942200083858075,0.09969286947752176,0.05818332126749301,1.8631279772277607,1.8640954427625545,561.799646810438,562.0913722326268,1533.223583406223,1534.019739651102
SLC/USDC[aquafarm],SLC/USDC,ByfDbpLVNVQHzU6E5dmLE1kcAKWAYRr9LPSGcVxxSRFF,E5kSBqTDxFLbLNQaVVtPtnhEYVLMCK2fVSEKoMKL98qR,851866.5697506334,0.597255975851467,0.08347948502170095,0.10476952642803025,0.11386444790379525,76432.03059871869,76471.71942109824,713493.4112537004,713863.9066212368,4731406.858622973,4733863.733900867
wUST/SOL[aquafarm],wUST/SOL,M3DfDvKZ9WEWYWcBuguvt3rYSbKqj66PgjW69DoEq9C,6c13xsmyk7UaHUWZ2rm1MM3ZdrQRSBkQ9waaG25ridVs,121768.10789964336,0.010005973715651133,0.05187913278872667,0.05557837319716349,0.08164119641670327,7294.888650964889,72.62931751259349,70575.27933108817,702.6610845389105,4469141.33564554,44495.63257313361
wUST/USDC[stable][aquafarm],wUST/USDC,Awp1hdAi5xi3CTDsXxiZsygSacpZV2a3L8rNNvpNRVn4,J1KfRtP5y2warpD7LdJhfBLPKoWwSqYuovdArSv1mpQ7,796298.7793104994,1.0055218658483753,0.03827353495037381,0.02587975400799164,0.038855884665195475,190354.81975809846,190453.66521034265,1138303.7845711296,1138894.8710091833,22365537.8663259,22377151.60801046
mSOL/wUST[aquafarm],mSOL/wUST,BpiM8jnpbha2TnTKp4AogyLYYA99Ks73GfDGueUWLakT,68YVjgPnTUPcBqZyghqvD2WPNsrLKsjYTmBKJzHRr4qd,101602.7862479616,104.21890547263682,0.030416212421052257,0.03227608634903013,0.058438472660297204,4871.70888316792,4847.47152554022,39313.404857338304,39117.81577844608,3172474.7230177457,3156691.2666843245
wLUNA/wUST[aquafarm],wLUNA/wUST,C9NcP1mx51DLZVX8VtAk2Ldip5v6xCxZGmhx7Bxtqnz8,8Mh7drLbt3jFJYwp948XyvQscGLaLkChNcaH5wwaAoWA,155264.371405565,92.6766169154229,0.13664746238500905,0.13131513775791637,0.12170184118177298,26201.215031674285,26070.860728034117,370948.468734296,369102.9539644737,4877076.934901343,4852812.8705486
stSOL/wUST[aquafarm],stSOL/wUST,9F3J6RY7PTkDb3SUUpg725uXyCceBGCpZrtmYGJwgMwF,HTZd53fYwYQRyAjiaPsZy9Gf41gobFdqkF4oKe3XLi95,1421469.6966551328,103.33333333333334,0.07371869430162817,0.04730887264862164,0.06738952045795664,161121.1195938428,160319.5219839232,982463.3087992966,977575.4316410912,5337033.929603312,5310481.521993346
JSOL/USDC[aquafarm],JSOL/USDC,5pki97N9a6yEB3YQL3y8gvf4nSWnvEL9V6yms8Amnd9Z,AzEoVuNJyo9ByoLRZ5t6vav2Zg24vULNVJM41PgCKUqR,1000459.6545690433,103.37365092482999,0.03270134537241683,0.032313393629694355,0.04994159880286027,37874.60207700813,37894.26920272435,282083.5024650801,282229.9798246091,1922350.6657473596,1923348.8838180613
daoSOL/USDC[aquafarm],daoSOL/USDC,6TwZgp6ABN7pbXbxvaZriHbbxeSAcEgxhKYnqGwphiRD,CCyDxjdW3G7hPTthTMPTZ4bnhFF19XG6rx2fNiKeRQww,585.281655987028,101.2019456940616,0.008819318216251272,0.47338917869925157,0.16294652421575334,6.0700639999999995,6.073215999103534,3079.2353925127636,3080.834345538098,4863.73490218462,4866.260491379647
ORCA/USDT[aquafarm],ORCA/USDT,4YnaUPeZ2fYqpoLrCyprSai8LaDWZxmgb6cGfNHJmyP6,Gx4PoxenyQwhGGnKagAT35iVg4im1iKhJxDWqVhgu6tk,2006366.6169011435,1.9204028654870446,0.00981288934561342,0.014547894022639932,0.022768116023457626,38634.07026731318,38635.49978080507,411099.2461570594,411114.4573919829,3263914.672099494,3264035.441410826
ORCA/whETH[aquafarm],ORCA/whETH,D67u6UEuFp9Q4Fu2gnu5thxBoVj2eRgDDDirdWsMVsgm,GsfyYHkSgC3Ta6aWR9MjB2sxoBrkGGeR2tAwXbpphf3,1147653.0426973277,0.0006492103688639165,0.006392657076586115,0.011714611724439425,0.01338137569564449,11776.347297278793,3.9812529952429196,170110.62226952572,57.50963412820559,1037174.2707592888,350.6395546778306
GENE/USDC[aquafarm],GENE/USDC,PQ1sBpkZYTkXo2aDRqWU2sEJGUj7yaeJ3GePoCRYU4V,7cuu94swKL5PtFQohKMAzyd1mjj65rgMW3GzLY31HCnK,3464.811946321535,14.597576142017708,0.2073044628739201,0.47370075335763345,0.39975780057007215,1019.216768359867,1019.7460165424526,18515.892364586885,18525.507102773227,67266.0609435259,67300.9901574176
CMFI/USDC[aquafarm],CMFI/USDC,AaJERSYSMtWxhRqZzBZ9JFr1gJkfSPgPEd3mBDT2AknQ,85krvT9DxdYgoFLQDHTAGdvtNuLdAsc4xE5FkVLpN2aR,255822.9504321798,0.048793603880413934,0.003741091118246489,0.0030692288736202866,0.0046551876753892964,962.7093392758719,963.2092448739616,7728.061892364011,7732.074839205559,40771.09977209533,40792.27096072395
CELO/USDC[aquafarm],CELO/USDC,H2bkwBwizcotpWHbruYFKXfHvh29hhoZn52qHq2YZumW,HVLyX8mD8YvKgZJ4oB6rXJiCYMLpHKwB6iCiCjE1XwdT,243297.80992182664,2.9815474231125956,0.01219694261616958,0.022010097509747573,0.06354873367606119,3315.7025482534177,3317.424291460686,43306.66734641109,43329.15517794845,570429.7756615698,570725.9824464595
FTM/USDC[aquafarm],FTM/USDC,4RCU8SoBzvYysNaQBAFpQMmt7LPQgxbto9uiuRjAJPpq,Gpzd833qSmv3kXpQmxEaqkrZTXZaRjhNAoqhf61qAhTG,170976.59628685284,1.0975696386424554,0.04329038304323708,0.039538055884544065,0.07145371973530018,7076.992499202848,7080.667365565577,42318.32340907035,42340.298023744675,548082.147629279,548366.7499725147
BTC/ORCA[aquafarm],BTC/ORCA,CqXRyZ23dFwdbMLGEQLhQQRJrzkFB3wBsuH92rp7d3yw,DFpLFcQZqDKykyDePgip4r6MExVmBKWqTa12ezq6qxUY,1200743.0490558455,20632.371854534944,0.012202641869009273,0.01150470675644877,0.01306318581758152,25667.67104118506,13366.268735307243,162888.3840353318,84823.04106916179,899023.86502274,468160.6897668005
HBB/USDC[aquafarm],HBB/USDC,Fpwa7a1r7kjax1nW25TVP3uiQc7XH9dv9n9UXMJRSTEx,cL5WhffCYFRLM4We8VS2W684kM4pHyuvEDwp8Ddw48k,606596.508667265,2.0210489243917595,0.92751481047874,1.7394891152868464,0.5012833795443504,1187294.9369057005,1187911.4629549743,10456640.999099009,10462070.813851397,12196427.969354233,12202761.202418288
HBB/SOL[aquafarm],HBB/SOL,2aCJ1VTwfvLej1PJJAmiVCzuLGtjQ5bEo9DYkbwwe1C6,FkKzu2HeMJZf4oHwoYPxLGVy3net5Jq8HAfnA5VqETgk,691550.7917336216,0.020111509358821188,0.460344516025438,1.0184523937415493,0.30802188303951933,670474.42669686,6675.3726274080045,7001120.707225385,69704.50724039611,8360937.944504657,83243.10976209336
SB/USDC[aquafarm],SB/USDC,GPxcR4ci8RbLh4bVPi88mKwTEDeVxEKs3nBkKayghuuL,2Reqt4Sw9xNY8BoJ3EZLpFu5yVgNxFrbw8M3KiJpPn6o,231034.0492922337,0.0036140957156764364,0.0326567296753835,0.011146189396776546,0.007084988209294125,9136.12505068662,9140.869161781586,23270.848560397793,23282.932402314596,61460.47486841672,61492.38941852494
stSOL/USDT[aquafarm],stSOL/USDT,EacW6utfAJk6z5QCbyqjJHdTN2TH5UFu9K5dh3DmhsLV,4ni1nho89cDKAQ9ddbNQA9ieLYpzvJVmJpuogu5Ct5ur,3116718.9037256306,103.8538425921759,0.052199477045324946,0.042995422962515864,0.06831085479936573,235009.7531100763,235018.44879268162,1885583.433276186,1885653.2024446763,15840333.129895587,15840919.24390761
SEEDED/USDC[aquafarm],SEEDED/USDC,3fyCss3Y9ATNnTSsN7VCasEb4H5SpSuN7VEoJnNWZU3x,H7gyTmNCDXkD8MGMqnxqoD8ANszjcju4tjT6ERZ5dakf,61004.47566544186,0.020677220970661415,0.00944643617716791,0.01710832749113252,0.0368700763412457,560.8816731957396,561.1729219422276,2981.9020765108507,2983.4504873137666,98627.1593563465,98678.3734321578
AUDIO/USDC[aquafarm],AUDIO/USDC,2arG3AznFJbLknAQUqk44PgeABZDHpBfcRsPmPWjjBPY,3hksYA17VxgiKSeihjnZkBbjc2CTbEBfvDCYgQhojTo5,1041864.8863253803,1.2006231234010452,0.04301000400983118,0.08196876847653457,0.0939075217299465,50233.768838735305,50259.853702807064,687568.8985158142,687925.9320745609,3177136.5506981816,3178786.3408090617
MMA/USDC[aquafarm],MMA/USDC,3HJ9QwRNsdHj3xaTvrzYyvvsY1gd23N8qGiSHaytKLLB,AaZRnJAnDyJyPD9uPJpJ8bzBGDCEi6jtBpUf92xErWPp,475858.1117766335,0.02396089570487083,0.3195216979602318,0.08619493265482638,0.07088556316038866,174043.11717580177,174133.4924583877,388064.7264744938,388266.2366513159,1739505.716259436,1740408.9885244803
1SOL/SOL[aquafarm],1SOL/SOL,8CJhJomcLYoVw6pAQdNWPJ3yDXkS55y2gAxJ9uReuXEz,9wPhuYapychVDSxmXqCZxy2Ka8Lmav4SHM72si8bfraV,253608.86779265353,0.0024672540820390282,0.014582280063209874,0.10821801254912522,0.04870841716048523,4639.192377634419,46.18869352483492,255411.42052208245,2542.9253337523146,521471.40732382017,5191.869845916171
PUFF/SOL[aquafarm],PUFF/SOL,GrSE1LoQBr3p9y7HQxV8h5vc8fH4xkT4a6Nysckbu8zt,Eho8h1BcoG5QWU7X9FzJafw5ErKUXtR2LobAJJZfWff4,831968.4325656068,0.005109199522102747,0.08276481214806478,0.10893039592982032,0.11506449958614703,77468.61222431061,771.2924355267883,758191.9727357086,7548.705423493714,2490632.9638691354,24797.22186249637
SAO/USDC[aquafarm],SAO/USDC,BWCT76eQ8jtrKkMm234ZY1QEXSfZYTrzHyXaE3DxeQfd,4iyU77yZbg8iD344vbwruAuDAf9i1EVV3FhZJDnWStBE,472276.03412515676,0.043251427490867765,0.06046883014466629,0.04781415214392128,0.06911662434824895,39603.14950168165,39623.71420935631,229111.88850919585,229230.85932518562,1744444.1692211556,1745350.0058742044
sRLY/SOL[aquafarm],sRLY/SOL,Df7DkQRXEpPM5basbYHi45268hmR8m7YrtraPdGgj6R6,3dXdXg5HPyZ73GFC9LkSn3thdJUGeXWB8iSTHs5UcqiH,3532788.136710805,0.0015420649143767424,0.009124266358147342,0.00862681550510168,0.013610699738756277,25136.603517033647,250.26486974346523,199612.11632980919,1987.3767057926045,1160080.6085309389,11549.98614626582
ZBC/USDC[aquafarm],ZBC/USDC,J4Xvy9twDDWqqwyfX6nrc2QFJeMJ6HD9kbAmcPhfYmFP,2LYgm6nGXmSSjfoEriPuYeGoNiWNxUs7n3rnTbDWN5c7,1088428.605007627,0.04502976044567131,0.01669886557541765,0.048225915702708406,0.09589439099131518,19746.59438296635,19756.848187175492,340972.9546890098,341150.0115450017,2171442.8977390644,2172570.4618087434
GMT/USDC[aquafarm],GMT/USDC,46GcZFgznxUf6TpoCqJqzMpgMbbJPCAwNn8GThSt9qjC,CFxQF5kNAtbbDj298Xr47Sf4mkSyuzWpRH97hrdQ6kxi,7222807.908409661,3.1916564697077785,0.9634614372498388,1.679364059092103,,9611187.54993715,9616178.346498983,76250619.98498946,76290214.60637018,87289007.83494753,87334334.35447751
NOVA/USDC[aquafarm],NOVA/USDC,GWG6gTW75GxMS7oUDoivjPrjcbsiR7fDMFKFw6pz2MuN,DdAFNvDxtEHCgKj3JAM64zCKfMWhs4J9wEmRrjUAFiME,312429.44140137616,1.9810281536117245,0.2752965767202232,,,80306.20680716174,80347.90737108733,235954.03223413834,236076.55596668506,235954.03223413834,236076.55596668506
HBB/USDH[aquafarm],HBB/USDH,9GgFi1cavfTEQ8gy87S3VVeqZSFBhncpJvMBQ8vprAQw,7n2YW9qLkhGFArdZPLoF4hYPE2zw7xCACkVPXrUWnLuo,449897.614671606,2.0079522862823063,0.325146378014968,,,179809.47470444467,178737.05239010404,257376.06810641865,255841.02197457122,257376.06810641865,255841.02197457122
